Process Status,生产流程状态
Pending Confirmation,待确认
Pending Deposit Confirmation,待确认定金
Deposit Confirmation Processing,定金确认处理中
Pending Production,生产中
Pending Final Payment,待核销尾款
Deliverable,可发货
Partially Delivered,部分已发货
Completed,已完成
Rejected,已驳回
Cancelled,已取消
出货详情,出货详情
出货详情报表,出货详情报表
出货汇总,出货汇总
销售出库明细,销售出库明细
下载 Excel,下载 Excel
销售出库单,销售出库单
过账日期,过账日期
订单数量,订单数量
已出货数量,已出货数量
未出货数量,未出货数量
出库数量,出库数量
暂无出货记录,暂无出货记录
汇总,汇总
明细,明细
单位,单位
上一页,上一页
下一页,下一页
显示 {0}-{1} / 共 {2} 行,显示 {0}-{1} / 共 {2} 行
Item Tax Amount,项目税费
Total Taxes and Charges,总税费
已提交,已提交
订单 / 客户,订单 / 客户
下方只显示系统中可见的收款凭证分配记录；未录入或不可见不代表未收款。,下方只显示系统中可见的收款凭证分配记录；未录入或不可见不代表未收款。
确认定金并推送至MES,确认定金并推送至MES
允许生产（1单）,允许生产（1单）
允许生产（{0}单）,允许生产（{0}单）
收款与订单的公司或客户关联异常，请先核对原生单据。,收款与订单的公司或客户关联异常，请先核对原生单据。
Pay,Pay
取消,取消
响应未确认，请关闭后重新核验；处理中订单不会重复提交。,响应未确认，请关闭后重新核验；处理中订单不会重复提交。
收款记录可能不完整,收款记录可能不完整
生产单据与销售订单的公司不一致。,生产单据与销售订单的公司不一致。
该公司未启用 CRM 集成。,该公司未启用 CRM 集成。
暂不可处理,暂不可处理
定金确认任务正在后台处理，请勿重复提交。,定金确认任务正在后台处理，请勿重复提交。
同步失败，可重新核验后重试,同步失败，可重新核验后重试
Receive,Receive
财务生产放行,财务生产放行
可确认,可确认
未找到可见的关联收款记录,未找到可见的关联收款记录
仅可放行已提交且未关闭、未取消、未暂停的订单。,仅可放行已提交且未关闭、未取消、未暂停的订单。
草稿,草稿
Internal Transfer,Internal Transfer
本单未完成确认，请重新核验后重试。,本单未完成确认，请重新核验后重试。
无权读取放行所需的订单字段。,无权读取放行所需的订单字段。
正在核验订单…,正在核验订单…
CRM/MES 同步处理中，请勿重复确认。,CRM/MES 同步处理中，请勿重复确认。
本单当前不处于待财务放行状态。,本单当前不处于待财务放行状态。
ERP 订单金额,ERP 订单金额
不可处理,不可处理
待人工确认允许生产,待人工确认允许生产
允许生产,允许生产
无法读取核验结果，请刷新后重试。,无法读取核验结果，请刷新后重试。
核验与同步结果,核验与同步结果
销售订单尚未完成财务放行及 CRM/MES 同步，不能安排生产。,销售订单尚未完成财务放行及 CRM/MES 同步，不能安排生产。
已完成生产放行同步,已完成生产放行同步
已取消,已取消
财务确认记录与订单不一致。,财务确认记录与订单不一致。
定金确认任务已提交，系统将在后台同步 CRM 和 MES。,定金确认任务已提交，系统将在后台同步 CRM 和 MES。
关闭,关闭
请选择 1 至 100 张订单。,请选择 1 至 100 张订单。
定金按线下约定人工判断；系统不计算应付定金或是否收足。,定金按线下约定人工判断；系统不计算应付定金或是否收足。
订单不存在或不在当前可见范围内。,订单不存在或不在当前可见范围内。
仅重新核验失败订单,仅重新核验失败订单
关联收款（分配额 / 账户币种）,关联收款（分配额 / 账户币种）
未获得生产放行权限；管理员可在角色权限管理中配置。,未获得生产放行权限；管理员可在角色权限管理中配置。
CRM/MES 同步处理中,CRM/MES 同步处理中
待定金确认,待定金确认
业务状态由财务确认和 CRM/MES 同步流程更新，不能直接修改。,业务状态由财务确认和 CRM/MES 同步流程更新，不能直接修改。
