DeepLinkERP Interface Settings,DeepLinkERP 界面设置
Default Interface Mode,公司默认界面模式
classic,经典模式
dl,DL 模式
Follow Company Default,跟随公司默认
Current,当前
Classic Mode,经典模式
DL Mode,DL 模式
Interface Mode,界面模式
Profile,个人资料
Finance,财务
Unable to Save,无法保存
Unable to save interface mode.,无法保存界面模式。
IVA 增值税,IVA 增值税
订单号 / 客户 / ODT,订单号 / 客户 / ODT
ERP 业务状态,ERP 业务状态
标准,标准
主要字段,主要字段
结束日期,结束日期
导出失败,导出失败
已开票,已开票
显示 ERP 已同步字段；负责人来自销售团队，创建人是 ERP 账户。,显示 ERP 已同步字段；负责人来自销售团队，创建人是 ERP 账户。
更新时间,更新时间
草稿,草稿
每页,每页
ERP 标题,ERP 标题
订单详情,订单详情
ERP 单价,ERP 单价
下一页,下一页
无权查看产品明细,无权查看产品明细
ERP 明细金额,ERP 明细金额
联系人,联系人
版本,版本
清空筛选,清空筛选
销售备注,销售备注
待确认,待确认
全部订单,全部订单
紧凑,紧凑
ERP 订单号,ERP 订单号
订单附件,订单附件
已选择：{0},已选择：{0}
ERP 创建人,ERP 创建人
预计交付日期沿用 ERP 交期；CRM 未同步的源字段不作推断。,预计交付日期沿用 ERP 交期；CRM 未同步的源字段不作推断。
收起额外字段,收起额外字段
展开产品行或查看明细；左右滚动查看全部字段。,展开产品行或查看明细；左右滚动查看全部字段。
没有可见附件,没有可见附件
CRM 订单号,CRM 订单号
已提交,已提交
开始日期,开始日期
财务待放行,财务待放行
序号,序号
显示全部明细字段,显示全部明细字段
订单资料,订单资料
订单日期,订单日期
ERP 更新人,ERP 更新人
已关闭,已关闭
产品,产品
创建时间,创建时间
规格型号,规格型号
币种,币种
项,项
最近确认人 / 时间,最近确认人 / 时间
已驳回,已驳回
联系人邮箱,联系人邮箱
摘要,摘要
可发货,可发货
允许生产,允许生产
已取消,已取消
订单状态,订单状态
我的订单,我的订单
保存,保存
客户,客户
ERP 客户编码,ERP 客户编码
字段分组,字段分组
密度,密度
订单基本信息,订单基本信息
数量,数量
列设置,列设置
已交付,已交付
待尾款确认,待尾款确认
品目编码,品目编码
品项名,品项名
最多读取2500张订单,最多读取2500张订单
联系电话,联系电话
导出失败，请重试。,导出失败，请重试。
来源与进度,来源与进度
当前用户没有导出权限。,当前用户没有导出权限。
部分发货,部分发货
多单位明细,多单位明细
补充信息读取失败；可打开原生订单核对。,补充信息读取失败；可打开原生订单核对。
现有 OR 筛选已保留；清除后可使用订单 / 客户搜索。,现有 OR 筛选已保留；清除后可使用订单 / 客户搜索。
订单产品明细,订单产品明细
打开原生订单,打开原生订单
ERP 订单金额,ERP 订单金额
待人工确认允许生产,待人工确认允许生产
Excel 导出组件加载失败，请刷新页面后重试。,Excel 导出组件加载失败，请刷新页面后重试。
ERP 预付款汇总,ERP 预付款汇总
财务确认 / 同步,财务确认 / 同步
预计交付日期,预计交付日期
打开原生订单编辑,打开原生订单编辑
待财务放行,待财务放行
允许生产（{0}单）,允许生产（{0}单）
查看明细,查看明细
生产已放行,生产已放行
收款记录未录入不代表未收款；定金由财务按线下约定判断。,收款记录未录入不代表未收款；定金由财务按线下约定判断。
展开产品明细,展开产品明细
项目,项目
已完成,已完成
操作,操作
多明细,多明细
交付日期,交付日期
仓库,仓库
未找到可见的关联收款记录,未找到可见的关联收款记录
导出 Excel,导出 Excel
公司,公司
上一页,上一页
正在核验订单…,正在核验订单…
关联收款记录,关联收款记录
CRM/MES 同步中,CRM/MES 同步中
CRM/MES 同步失败,CRM/MES 同步失败
业务负责人,业务负责人
产品系列,产品系列
CRM / ERP 订单号,CRM / ERP 订单号
待财务审核,待财务审核
Pending financial approval,待财务审核
已放行生产,已放行生产
财务审核状态,财务审核状态
全部审核状态,全部审核状态
交付状态,交付状态
正在刷新订单，请稍候…,正在刷新订单，请稍候…
已选择：{0}；每次最多核验 100 单,已选择：{0}；每次最多核验 100 单
已选择：{0}；正在核验…,已选择：{0}；正在核验…
已选择：{0} · 可放行：{1} · 不可放行：{2},已选择：{0} · 可放行：{1} · 不可放行：{2}
放行资格核验失败，请重新选择或刷新后重试。,放行资格核验失败，请重新选择或刷新后重试。
无权查看财务审核状态，请联系管理员。,无权查看财务审核状态，请联系管理员。
Excel 审核状态列必须为文本，已停止导出。,Excel 审核状态列必须为文本，已停止导出。
Excel 共享文本索引不符合预期。,Excel 共享文本索引不符合预期。
未选择订单,未选择订单
